source_group,case_id,seed,分级系统,侧别类型,年龄,性别,诊断,时期,患者侧别,症状,体征,实验室检查,影像检查,功能检查,诊断子疾病,时间顺序,伴随疾病,并发症表型库,范围数值化,具体数值化,主诉,急慢性,此前就诊状态,此前就诊次数,患病总时长,既往就诊经历,该患者无_症状,该患者无_体征,该患者无_实验室检查,该患者无_影像检查,该患者无_功能检查
respiratory/急性/肺炎,,肺炎 # 41-88 0.60 急性,"{""name"": ""CURB-65评分"", ""levels"": [{""level"": 1, ""name"": ""轻度"", ""description"": ""CURB-65 0-1分：低死亡风险，通常可门诊治疗或短期观察"", ""proportion"": 0.55}, {""level"": 2, ""name"": ""中度"", ""description"": ""CURB-65 2分：中等死亡风险，通常建议住院治疗"", ""proportion"": 0.3}, {""level"": 3, ""name"": ""重度"", ""description"": ""CURB-65 3-5分：高死亡风险，需严密监护，部分患者需ICU治疗"", ""proportion"": 0.15}]}",either,,,,,,"[
[""急性咳嗽"", [""数天"", ""受凉后"", ""间断轻度"", 0.85], [""数天至1周"", ""感染后"", ""频繁中度"", 0.92], [""1周左右"", ""无明显诱因"", ""持续剧烈"", 0.88]],
[""干咳"", [""数天"", ""冷空气刺激后"", ""间断轻度"", 0.45], [""数天至1周"", ""呼吸道感染后"", ""频繁刺激性"", 0.38], [""数天至1周"", ""无明显诱因"", ""阵发剧烈"", 0.28]],
[""咳白痰"", [""数天"", ""晨起后"", ""少量黏稠"", 0.35], [""数天至1周"", ""咳嗽加重后"", ""中等量黏痰"", 0.42], [""1周左右"", ""卧床后"", ""黏稠不易咳出"", 0.36]],
[""咳黄痰"", [""数天"", ""细菌感染后"", ""少量脓性"", 0.38], [""数天至1周"", ""发热后"", ""中等量脓性"", 0.58], [""1周左右"", ""感染加重后"", ""大量脓性"", 0.62]],
[""咳铁锈色痰"", [""数天"", ""肺炎进展后"", ""少量黏稠"", 0.08], [""数天"", ""高热后"", ""间断出现"", 0.16], [""数天至1周"", ""肺部炎症加重后"", ""较黏稠"", 0.22]],
[""痰中带血丝"", [""数小时至数天"", ""剧烈咳嗽后"", ""少量鲜红血丝"", 0.08], [""数天"", ""咳嗽频繁后"", ""间断少量"", 0.16], [""数天"", ""感染坏死后"", ""反复少量"", 0.25]],
[""咳痰困难"", [""数天"", ""饮水少后"", ""痰液黏稠"", 0.18], [""数天至1周"", ""痰量增多后"", ""黏稠费力"", 0.36], [""1周左右"", ""体力衰竭后"", ""明显费力"", 0.55]],
[""低热感"", [""数天"", ""受凉后"", ""间断轻度"", 0.55], [""数天"", ""感染早期"", ""反复波动"", 0.35], [""数天"", ""退热不完全后"", ""间断残留"", 0.18]],
[""高热感"", [""数小时至数天"", ""感染加重后"", ""阵发明显"", 0.28], [""数天"", ""炎症进展后"", ""反复明显"", 0.58], [""数天至1周"", ""重症感染后"", ""持续明显"", 0.62]],
[""畏寒"", [""数小时至数天"", ""发热前"", ""阵发轻度"", 0.45], [""数天"", ""体温上升期"", ""反复明显"", 0.62], [""数天"", ""严重感染时"", ""持续明显"", 0.58]],
[""寒战"", [""数分钟至数小时"", ""体温快速上升时"", ""阵发发抖"", 0.18], [""数小时至数天"", ""菌血症样反应时"", ""反复剧烈"", 0.35], [""数小时至数天"", ""脓毒症样反应时"", ""剧烈难控"", 0.48]],
[""出汗增多"", [""数小时至数天"", ""退热时"", ""间断轻度"", 0.32], [""数天"", ""发热波动时"", ""明显反复"", 0.48], [""数天"", ""高热缓解时"", ""大量出汗"", 0.55]],
[""夜间盗汗"", [""数天"", ""夜间睡眠时"", ""间断轻度"", 0.12], [""数天至1周"", ""夜间发热后"", ""反复明显"", 0.2], [""1周左右"", ""感染消耗后"", ""反复浸湿衣物"", 0.25]],
[""乏力"", [""数天"", ""活动后"", ""轻度"", 0.6], [""数天至1周"", ""发热后"", ""明显持续"", 0.78], [""1周左右"", ""重症感染后"", ""极度持续"", 0.88]],
[""全身酸痛"", [""数天"", ""发热时"", ""弥漫轻度"", 0.38], [""数天"", ""高热时"", ""弥漫明显"", 0.52], [""数天至1周"", ""严重感染时"", ""持续明显"", 0.55]],
[""头痛"", [""数小时至数天"", ""发热时"", ""轻度胀痛"", 0.26], [""数天"", ""高热时"", ""中度胀痛"", 0.38], [""数天"", ""缺氧时"", ""持续胀痛"", 0.42]],
[""头晕"", [""数小时至数天"", ""发热后起身时"", ""短暂轻度"", 0.2], [""数天"", ""进食减少后"", ""间断明显"", 0.34], [""数天"", ""缺氧或低灌注时"", ""持续明显"", 0.48]],
[""食欲下降"", [""数天"", ""发热后"", ""轻度"", 0.45], [""数天至1周"", ""感染进展后"", ""明显"", 0.65], [""1周左右"", ""重症感染后"", ""显著"", 0.75]],
[""恶心"", [""数小时至数天"", ""发热或服药后"", ""间断轻度"", 0.18], [""数天"", ""全身炎症反应时"", ""反复中度"", 0.3], [""数天"", ""重症感染时"", ""持续明显"", 0.38]],
[""呕吐"", [""数小时至数天"", ""剧烈咳嗽后"", ""偶发"", 0.08], [""数天"", ""高热或胃肠受累时"", ""间断"", 0.18], [""数天"", ""重症感染或低氧时"", ""反复"", 0.28]],
[""腹泻"", [""数天"", ""病毒感染后"", ""稀便轻度"", 0.1], [""数天"", ""非典型病原感染后"", ""间断稀便"", 0.18], [""数天至1周"", ""重症感染后"", ""频繁稀便"", 0.25]],
[""上腹部不适"", [""数小时至数天"", ""咳嗽或发热后"", ""隐约胀痛"", 0.1], [""数天"", ""下叶肺炎牵涉时"", ""间断钝痛"", 0.2], [""数天"", ""炎症刺激加重时"", ""持续钝痛"", 0.28]],
[""胸闷"", [""数天"", ""活动后"", ""轻度间断"", 0.3], [""数天至1周"", ""咳嗽或发热后"", ""明显反复"", 0.52], [""数天至1周"", ""低氧时"", ""持续明显"", 0.72]],
[""活动后气短"", [""数天"", ""上楼或快走后"", ""轻度短暂"", 0.28], [""数天至1周"", ""日常活动后"", ""明显反复"", 0.62], [""数天至1周"", ""轻微活动后"", ""严重明显"", 0.82]],
[""静息气短"", [""数小时至数天"", ""无明显诱因"", ""轻度间断"", 0.05], [""数天"", ""炎症进展后"", ""明显持续"", 0.28], [""数天至1周"", ""重症低氧时"", ""持续严重"", 0.7]],
[""吸气性呼吸困难"", [""数小时至数天"", ""深吸气时"", ""轻度费力"", 0.12], [""数天"", ""肺实变加重后"", ""明显费力"", 0.36], [""数天至1周"", ""呼吸衰竭时"", ""严重费力"", 0.68]],
[""夜间憋醒"", [""数分钟至数小时"", ""平卧后"", ""偶发轻度"", 0.04], [""数天"", ""夜间咳嗽加重时"", ""间断明显"", 0.16], [""数天"", ""低氧加重时"", ""反复严重"", 0.38]],
[""不能平卧感"", [""数小时至数天"", ""平卧后"", ""轻度不适"", 0.04], [""数天"", ""胸闷气短加重时"", ""需要垫高枕头"", 0.14], [""数天"", ""呼吸困难明显时"", ""被迫端坐"", 0.42]],
[""呼吸急促感"", [""数小时至数天"", ""活动或发热时"", ""间断轻度"", 0.25], [""数天"", ""高热或咳嗽后"", ""持续明显"", 0.55], [""数天至1周"", ""低氧时"", ""持续严重"", 0.78]],
[""深呼吸诱发胸痛"", [""数小时至数天"", ""深吸气时"", ""局部锐痛"", 0.22], [""数天"", ""胸膜受累时"", ""明显刺痛"", 0.38], [""数天至1周"", ""胸膜炎症加重时"", ""剧烈刺痛"", 0.45]],
[""咳嗽诱发胸痛"", [""数小时至数天"", ""咳嗽时"", ""短暂刺痛"", 0.24], [""数天"", ""频繁咳嗽时"", ""明显锐痛"", 0.42], [""数天至1周"", ""剧烈咳嗽时"", ""持续加重"", 0.52]],
[""单侧胸背部痛"", [""数小时至数天"", ""深呼吸或转身时"", ""局限钝痛"", 0.18], [""数天"", ""肺炎累及胸膜时"", ""局限刺痛"", 0.32], [""数天至1周"", ""炎症范围扩大时"", ""持续明显"", 0.4]],
[""肩胛区牵涉痛"", [""数小时至数天"", ""咳嗽后"", ""隐痛"", 0.06], [""数天"", ""胸膜刺激时"", ""牵拉样痛"", 0.12], [""数天"", ""炎症刺激明显时"", ""持续牵涉痛"", 0.18]],
[""咽部疼痛"", [""数天"", ""上呼吸道感染后"", ""轻度刺痛"", 0.25], [""数天"", ""咳嗽频繁后"", ""明显疼痛"", 0.28], [""数天"", ""剧烈咳嗽后"", ""灼痛明显"", 0.22]],
[""鼻塞"", [""数天"", ""病毒感染后"", ""间断轻度"", 0.22], [""数天"", ""上呼吸道症状伴随时"", ""明显"", 0.2], [""数天"", ""重症卧床时"", ""间断"", 0.12]],
[""流清鼻涕"", [""数天"", ""病毒感染初期"", ""清水样"", 0.2], [""数天"", ""上呼吸道感染伴随时"", ""间断"", 0.16], [""数天"", ""感染早期后残留"", ""少量"", 0.08]],
[""声音嘶哑"", [""数天"", ""咳嗽频繁后"", ""轻度"", 0.1], [""数天"", ""咽喉刺激后"", ""明显"", 0.16], [""数天至1周"", ""剧烈咳嗽后"", ""持续明显"", 0.18]],
[""口干"", [""数天"", ""发热出汗后"", ""轻度"", 0.28], [""数天"", ""高热或饮水不足时"", ""明显"", 0.45], [""数天至1周"", ""脱水或张口呼吸时"", ""严重"", 0.62]],
[""心慌"", [""数小时至数天"", ""发热或活动后"", ""短暂轻度"", 0.18], [""数天"", ""高热时"", ""反复明显"", 0.36], [""数天"", ""低氧或感染加重时"", ""持续明显"", 0.55]],
[""睡眠差"", [""数天"", ""夜间咳嗽后"", ""入睡困难"", 0.3], [""数天至1周"", ""发热或气短时"", ""反复醒来"", 0.5], [""数天至1周"", ""呼吸困难或胸痛时"", ""严重失眠"", 0.62]],
[""焦虑不安"", [""数小时至数天"", ""气短或发热时"", ""轻度担忧"", 0.12], [""数天"", ""呼吸不适加重时"", ""明显紧张"", 0.28], [""数天"", ""严重气促时"", ""强烈恐惧"", 0.48]],
[""濒死感"", [""无"", ""无"", ""无"", 0.0], [""数分钟至数小时"", ""严重气短发作时"", ""偶发强烈"", 0.03], [""数小时至数天"", ""呼吸衰竭样发作时"", ""强烈持续"", 0.35]],
[""自觉口唇发紫"", [""无"", ""无"", ""无"", 0.0], [""数分钟至数小时"", ""剧烈活动或气短时"", ""极少短暂"", 0.02], [""数小时至数天"", ""严重低氧时"", ""持续明显"", 0.45]],
[""意识模糊感"", [""无"", ""无"", ""无"", 0.0], [""数分钟至数小时"", ""高热或缺氧时"", ""短暂轻微"", 0.05], [""数小时至数天"", ""重症感染或低氧时"", ""持续明显"", 0.5]],
[""嗜睡难醒感"", [""无"", ""无"", ""无"", 0.0], [""数小时至数天"", ""高热或疲乏时"", ""少见明显"", 0.03], [""数小时至数天"", ""重症感染或低氧时"", ""持续明显"", 0.42]],
[""排尿明显减少"", [""无"", ""无"", ""无"", 0.0], [""数小时至数天"", ""进水少或出汗多后"", ""少见轻度"", 0.04], [""数天"", ""脱水或低灌注时"", ""明显持续"", 0.36]]
]","[
[""低热（体温37.3-38.0℃）"", 0.4, 0.25, 0.1],
[""发热（体温>38.0℃）"", 0.55, 0.7, 0.75],
[""高热（体温>39.0℃）"", 0.15, 0.35, 0.5],
[""超高热（体温>40.0℃）"", 0.0, 0.03, 0.3],
[""低体温（体温<36.0℃）"", 0.0, 0.03, 0.35],
[""心动过速（心率>100次/分）"", 0.35, 0.65, 0.85],
[""显著心动过速（心率>125次/分）"", 0.0, 0.05, 0.45],
[""心动过缓（心率<60次/分）"", 0.02, 0.03, 0.08],
[""呼吸频率增快（呼吸频率>20次/分）"", 0.45, 0.75, 0.95],
[""明显呼吸急促（呼吸频率≥30次/分）"", 0.0, 0.05, 0.8],
[""血压升高（收缩压≥140mmHg）"", 0.08, 0.1, 0.12],
[""收缩压降低（收缩压<90mmHg）"", 0.0, 0.05, 0.45],
[""舒张压降低（舒张压≤60mmHg）"", 0.0, 0.05, 0.4],
[""平均动脉压降低（MAP<65mmHg）"", 0.0, 0.0, 0.35],
[""血氧饱和度下降（SpO2<94%）"", 0.25, 0.55, 0.85],
[""严重低氧血症（SpO2<90%）"", 0.0, 0.05, 0.65],
[""极重度低氧血症（SpO2<85%）"", 0.0, 0.0, 0.35],
[""急性病容（表情痛苦）"", 0.45, 0.65, 0.8],
[""精神萎靡（唤醒后反应迟钝）"", 0.1, 0.25, 0.55],
[""意识模糊（对答不切题）"", 0.0, 0.05, 0.4],
[""谵妄（定向力障碍）"", 0.0, 0.02, 0.3],
[""嗜睡（需反复呼唤唤醒）"", 0.0, 0.05, 0.35],
[""烦躁不安（查体时不能安静配合）"", 0.05, 0.15, 0.35],
[""口唇发绀（口唇呈青紫色）"", 0.0, 0.0, 0.55],
[""甲床发绀（甲床呈青紫色）"", 0.0, 0.0, 0.45],
[""皮肤湿冷（四肢皮温降低）"", 0.0, 0.05, 0.4],
[""皮肤花斑（肢端网状青紫斑）"", 0.0, 0.0, 0.3],
[""毛细血管再充盈延迟（再充盈时间>3秒）"", 0.0, 0.05, 0.45],
[""外周脉搏细弱（桡动脉搏动弱）"", 0.0, 0.05, 0.4],
[""黏膜干燥（口腔黏膜干燥）"", 0.15, 0.25, 0.35],
[""大汗（皮肤明显出汗）"", 0.1, 0.25, 0.45],
[""端坐呼吸（不能平卧查体）"", 0.0, 0.05, 0.4],
[""辅助呼吸肌参与（胸锁乳突肌收缩明显）"", 0.0, 0.05, 0.55],
[""三凹征（胸骨上窝吸气性凹陷）"", 0.0, 0.03, 0.5],
[""鼻翼扇动（吸气时鼻翼外张）"", 0.0, 0.02, 0.35],
[""呻吟样呼吸（呼气期呻吟音）"", 0.0, 0.02, 0.35],
[""不能完整句说话（一次呼吸不能说完整句）"", 0.0, 0.05, 0.45],
[""患侧胸廓呼吸运动减弱（双侧胸廓动度不对称）"", 0.18, 0.35, 0.5],
[""胸廓扩张度降低（双手触诊扩张幅度减小）"", 0.12, 0.28, 0.45],
[""局部语音震颤增强（患区语颤较对侧增强）"", 0.25, 0.4, 0.5],
[""局部语音震颤减弱（患区语颤较对侧减弱）"", 0.05, 0.12, 0.25],
[""胸壁触痛（局部按压诱发疼痛）"", 0.05, 0.08, 0.12],
[""患区叩诊浊音（叩诊音较对侧低钝）"", 0.25, 0.45, 0.6],
[""患区叩诊实音（叩诊音呈实音）"", 0.05, 0.15, 0.3],
[""肺下界移动度减小（移动度<4cm）"", 0.05, 0.15, 0.3],
[""局灶性湿啰音（吸气相可闻及断续水泡音）"", 0.65, 0.8, 0.9],
[""细湿啰音（吸气末可闻及细小爆裂音）"", 0.45, 0.6, 0.65],
[""粗湿啰音（吸气相可闻及粗大水泡音）"", 0.2, 0.4, 0.6],
[""捻发音（吸气末可闻及细小捻发样音）"", 0.15, 0.25, 0.3],
[""支气管呼吸音（肺野外周闻及管样呼吸音）"", 0.2, 0.35, 0.5],
[""呼吸音减弱（患区呼吸音低于对侧）"", 0.15, 0.3, 0.55],
[""呼吸音消失（患区听不到呼吸音）"", 0.0, 0.05, 0.35],
[""语音共振增强（患区听诊语音传导增强）"", 0.15, 0.3, 0.45],
[""羊鸣音（听诊元音呈鼻音样改变）"", 0.12, 0.25, 0.4],
[""耳语音增强（患区耳语传导清晰）"", 0.1, 0.2, 0.35],
[""胸膜摩擦音（呼吸两相可闻及摩擦样音）"", 0.05, 0.1, 0.15],
[""哮鸣音（呼气相高调干啰音）"", 0.15, 0.25, 0.35],
[""鼾音（低调连续性干啰音）"", 0.15, 0.25, 0.35],
[""呼气相延长（呼气时间超过吸气时间）"", 0.1, 0.18, 0.25],
[""双肺弥漫湿啰音（双侧多肺野可闻及湿啰音）"", 0.0, 0.05, 0.45],
[""心音低钝（第一心音强度减弱）"", 0.0, 0.05, 0.3],
[""脉搏不规则（脉律绝对不齐）"", 0.02, 0.05, 0.18],
[""颈静脉充盈（半卧位颈静脉明显充盈）"", 0.0, 0.02, 0.15]
]","[
[""下呼吸道标本病原体核酸检测阳性"", 0.75, 0.9, 1.0],
[""下呼吸道标本病原体培养阳性"", 0.65, 0.8, 1.0],
[""下呼吸道标本宏基因组测序阳性"", 0.7, 0.85, 1.0],
[""病原体特异性抗原检测阳性"", 0.65, 0.8, 1.0],
[""病原体特异性抗体检测阳性"", 0.6, 0.75, 1.0],
[""痰革兰染色阳性"", 0.45, 0.6, 0.85],
[""白细胞升高"", 0.45, 0.6, 0.75],
[""白细胞降低"", 0.08, 0.12, 0.22],
[""中性粒细胞升高"", 0.5, 0.65, 0.82],
[""中性粒细胞比例升高"", 0.55, 0.7, 0.85],
[""淋巴细胞降低"", 0.25, 0.4, 0.65],
[""嗜酸性粒细胞降低"", 0.35, 0.5, 0.7],
[""血红蛋白降低"", 0.1, 0.15, 0.25],
[""血小板升高"", 0.2, 0.25, 0.25],
[""血小板降低"", 0.05, 0.12, 0.35],
[""红细胞沉降率升高"", 0.45, 0.55, 0.65],
[""C反应蛋白升高"", 0.65, 0.78, 0.9],
[""降钙素原升高"", 0.35, 0.55, 0.8],
[""血清淀粉样蛋白A升高"", 0.6, 0.72, 0.85],
[""白细胞介素6升高"", 0.35, 0.55, 0.8],
[""铁蛋白升高"", 0.25, 0.4, 0.7],
[""肿瘤坏死因子α升高"", 0.2, 0.35, 0.65],
[""乳酸脱氢酶升高"", 0.3, 0.5, 0.75],
[""谷丙转氨酶升高"", 0.15, 0.25, 0.45],
[""谷草转氨酶升高"", 0.18, 0.3, 0.55],
[""总胆红素升高"", 0.05, 0.12, 0.35],
[""直接胆红素升高"", 0.04, 0.1, 0.3],
[""白蛋白降低"", 0.2, 0.4, 0.7],
[""γ谷氨酰转肽酶升高"", 0.05, 0.1, 0.25],
[""碱性磷酸酶升高"", 0.04, 0.08, 0.2],
[""尿素氮升高"", 0.15, 0.35, 0.65],
[""肌酐升高"", 0.0, 0.05, 0.4],
[""胱抑素C升高"", 0.0, 0.05, 0.35],
[""估算肾小球滤过率降低"", 0.0, 0.05, 0.4],
[""尿酸升高"", 0.05, 0.12, 0.25],
[""血钠降低"", 0.2, 0.35, 0.6],
[""血钾降低"", 0.1, 0.15, 0.25],
[""血钾升高"", 0.0, 0.03, 0.3],
[""血氯降低"", 0.1, 0.2, 0.35],
[""血钙降低"", 0.15, 0.25, 0.45],
[""血磷降低"", 0.08, 0.15, 0.25],
[""血镁降低"", 0.05, 0.1, 0.2],
[""D二聚体升高"", 0.25, 0.5, 0.8],
[""纤维蛋白原升高"", 0.35, 0.5, 0.6],
[""凝血酶原时间延长"", 0.0, 0.05, 0.35],
[""国际标准化比值升高"", 0.0, 0.05, 0.35],
[""活化部分凝血活酶时间延长"", 0.0, 0.03, 0.3],
[""纤维蛋白降解产物升高"", 0.0, 0.05, 0.45],
[""纤维蛋白原降低"", 0.0, 0.03, 0.3],
[""抗凝血酶III降低"", 0.0, 0.03, 0.35],
[""动脉血氧分压降低"", 0.2, 0.45, 0.85],
[""动脉血二氧化碳分压降低"", 0.1, 0.15, 0.2],
[""动脉血二氧化碳分压升高"", 0.0, 0.05, 0.35],
[""动脉血pH降低"", 0.0, 0.05, 0.4],
[""碳酸氢根降低"", 0.0, 0.05, 0.35],
[""剩余碱降低"", 0.0, 0.05, 0.35],
[""血乳酸升高"", 0.0, 0.05, 0.5],
[""空腹血糖升高"", 0.15, 0.3, 0.55],
[""血糖降低"", 0.0, 0.03, 0.3],
[""肌钙蛋白升高"", 0.0, 0.03, 0.35],
[""肌酸激酶同工酶升高"", 0.0, 0.03, 0.3],
[""N末端B型利钠肽原升高"", 0.0, 0.05, 0.4],
[""肌红蛋白升高"", 0.0, 0.04, 0.3],
[""尿蛋白阳性"", 0.15, 0.25, 0.45],
[""尿潜血阳性"", 0.08, 0.15, 0.3],
[""尿白细胞升高"", 0.05, 0.1, 0.2],
[""尿酮体阳性"", 0.05, 0.1, 0.25],
[""尿钠升高"", 0.08, 0.18, 0.35],
[""前降钙素相关肽升高"", 0.15, 0.35, 0.7],
[""可溶性髓系细胞触发受体1升高"", 0.2, 0.4, 0.75],
[""内毒素检测阳性"", 0.05, 0.12, 0.3]
]","[
[""胸部X线示新发肺部浸润影"", 0.6, 0.8, 0.95],
[""胸部CT示肺实变影"", 0.7, 0.85, 1.0],
[""肺部超声示胸膜下肺实变"", 0.25, 0.45, 0.7],
[""胸部MRI示肺实变异常信号"", 0.0, 0.05, 0.35],
[""PET-CT示肺部病灶FDG摄取增高"", 0.0, 0.05, 0.3]
]","[
[""脉搏氧饱和度监测示静息氧饱和度下降"", 0.2, 0.55, 0.9],
[""脉搏氧饱和度监测示重度低氧血症"", 0.0, 0.03, 0.65],
[""6分钟步行试验示运动耐量下降"", 0.15, 0.35, 0.6],
[""6分钟步行试验示运动诱发氧饱和度下降"", 0.1, 0.35, 0.7],
[""肺功能检查示限制性通气功能障碍"", 0.08, 0.18, 0.35],
[""肺功能检查示肺活量降低"", 0.1, 0.25, 0.45],
[""肺功能检查示一氧化碳弥散量降低"", 0.08, 0.22, 0.5],
[""运动心肺功能检查示峰值摄氧量降低"", 0.08, 0.25, 0.55],
[""运动心肺功能检查示通气效率下降"", 0.05, 0.2, 0.5],
[""心电图示窦性心动过速"", 0.25, 0.45, 0.75],
[""心电图示房性期前收缩增多"", 0.05, 0.12, 0.25],
[""心电图示心房颤动"", 0.02, 0.08, 0.25],
[""心电图示ST段压低"", 0.0, 0.04, 0.35]
]","[""肺炎""]",,"[
[""高血压"", 0.38, 30, 120, ""通用""],
[""2型糖尿病"", 0.22, 30, 120, ""通用""],
[""慢性阻塞性肺疾病"", 0.16, 40, 120, ""通用""],
[""冠心病"", 0.14, 40, 120, ""通用""],
[""血脂异常"", 0.2, 30, 120, ""通用""],
[""慢性心力衰竭"", 0.09, 40, 120, ""通用""],
[""脑血管病后遗症"", 0.08, 40, 120, ""通用""],
[""慢性肾脏病"", 0.08, 30, 120, ""通用""],
[""支气管哮喘"", 0.07, 0, 120, ""通用""],
[""支气管扩张"", 0.05, 20, 120, ""通用""],
[""肥胖症"", 0.12, 18, 120, ""通用""],
[""恶性肿瘤病史"", 0.06, 40, 120, ""通用""],
[""慢性肝病"", 0.04, 18, 120, ""通用""],
[""心房颤动"", 0.05, 50, 120, ""通用""],
[""痴呆"", 0.04, 60, 120, ""通用""],
[""胃食管反流病"", 0.06, 18, 120, ""通用""],
[""陈旧性肺结核"", 0.03, 18, 120, ""通用""],
[""类风湿关节炎"", 0.02, 18, 120, ""通用""]
]","[
[""高血压"", ""体征"", ""血压升高(>140/90mmHg)"", 0.9],
[""高血压"", ""实验室检查"", ""尿微量白蛋白升高"", 0.25],
[""高血压"", ""实验室检查"", ""血清肌酐轻度升高"", 0.18],
[""高血压"", ""影像检查"", ""超声心动图示左室壁增厚"", 0.3],
[""高血压"", ""功能检查"", ""心电图示左室高电压"", 0.25],
[""2型糖尿病"", ""实验室检查"", ""空腹血糖升高(≥7.0mmol/L)"", 0.85],
[""2型糖尿病"", ""实验室检查"", ""糖化血红蛋白升高(≥6.5%)"", 0.88],
[""2型糖尿病"", ""实验室检查"", ""尿糖阳性"", 0.45],
[""2型糖尿病"", ""实验室检查"", ""尿微量白蛋白升高"", 0.3],
[""2型糖尿病"", ""体征"", ""足背动脉搏动减弱"", 0.18],
[""2型糖尿病"", ""功能检查"", ""神经传导检查示周围神经传导速度减慢"", 0.2],
[""慢性阻塞性肺疾病"", ""体征"", ""桶状胸"", 0.35],
[""慢性阻塞性肺疾病"", ""体征"", ""呼气相延长"", 0.55],
[""慢性阻塞性肺疾病"", ""体征"", ""双肺散在哮鸣音"", 0.45],
[""慢性阻塞性肺疾病"", ""影像检查"", ""胸部CT示肺气肿改变"", 0.7],
[""慢性阻塞性肺疾病"", ""功能检查"", ""肺功能示FEV1/FVC降低(<0.70)"", 0.85],
[""慢性阻塞性肺疾病"", ""实验室检查"", ""动脉血气示PaO2降低"", 0.35],
[""冠心病"", ""功能检查"", ""心电图示ST-T缺血性改变"", 0.45],
[""冠心病"", ""影像检查"", ""冠状动脉CTA示冠脉粥样硬化斑块或狭窄"", 0.75],
[""冠心病"", ""影像检查"", ""超声心动图示节段性室壁运动异常"", 0.25],
[""冠心病"", ""实验室检查"", ""高敏肌钙蛋白轻度升高"", 0.12],
[""冠心病"", ""功能检查"", ""运动负荷试验阳性"", 0.35],
[""血脂异常"", ""实验室检查"", ""低密度脂蛋白胆固醇升高"", 0.75],
[""血脂异常"", ""实验室检查"", ""总胆固醇升高"", 0.6],
[""血脂异常"", ""实验室检查"", ""甘油三酯升高"", 0.55],
[""血脂异常"", ""实验室检查"", ""高密度脂蛋白胆固醇降低"", 0.35],
[""血脂异常"", ""影像检查"", ""颈动脉超声示粥样硬化斑块"", 0.35],
[""慢性心力衰竭"", ""体征"", ""双下肢凹陷性水肿"", 0.45],
[""慢性心力衰竭"", ""体征"", ""颈静脉充盈或怒张"", 0.3],
[""慢性心力衰竭"", ""实验室检查"", ""BNP或NT-proBNP升高"", 0.8],
[""慢性心力衰竭"", ""影像检查"", ""胸片或胸部CT示心影增大"", 0.55],
[""慢性心力衰竭"", ""影像检查"", ""胸片或胸部CT示肺淤血或胸腔积液"", 0.45],
[""慢性心力衰竭"", ""影像检查"", ""超声心动图示左室射血分数降低或舒张功能不全"", 0.75],
[""脑血管病后遗症"", ""体征"", ""单侧肢体肌力下降"", 0.55],
[""脑血管病后遗症"", ""体征"", ""病理反射阳性"", 0.35],
[""脑血管病后遗症"", ""体征"", ""腱反射亢进或肌张力增高"", 0.4],
[""脑血管病后遗症"", ""影像检查"", ""头颅CT或MRI示陈旧性脑梗死灶"", 0.75],
[""脑血管病后遗症"", ""影像检查"", ""头颅MRI示脑白质缺血性改变"", 0.45],
[""脑血管病后遗症"", ""功能检查"", ""吞咽功能评估异常"", 0.25],
[""慢性肾脏病"", ""实验室检查"", ""估算肾小球滤过率(eGFR)降低"", 0.85],
[""慢性肾脏病"", ""实验室检查"", ""血清肌酐升高"", 0.75],
[""慢性肾脏病"", ""实验室检查"", ""尿蛋白阳性"", 0.55],
[""慢性肾脏病"", ""实验室检查"", ""血红蛋白降低"", 0.35],
[""慢性肾脏病"", ""实验室检查"", ""血钾升高"", 0.2],
[""慢性肾脏病"", ""影像检查"", ""肾脏超声示双肾缩小或皮质变薄"", 0.45],
[""支气管哮喘"", ""体征"", ""双肺哮鸣音"", 0.6],
[""支气管哮喘"", ""实验室检查"", ""外周血嗜酸性粒细胞升高"", 0.35],
[""支气管哮喘"", ""实验室检查"", ""总IgE升高"", 0.3],
[""支气管哮喘"", ""功能检查"", ""肺功能示可逆性气流受限"", 0.7],
[""支气管哮喘"", ""功能检查"", ""支气管舒张试验阳性"", 0.65],
[""支气管哮喘"", ""功能检查"", ""呼出气一氧化氮(FeNO)升高"", 0.45],
[""支气管扩张"", ""体征"", ""肺部固定性湿啰音"", 0.55],
[""支气管扩张"", ""体征"", ""杵状指"", 0.2],
[""支气管扩张"", ""实验室检查"", ""痰培养检出铜绿假单胞菌等定植菌"", 0.3],
[""支气管扩张"", ""影像检查"", ""胸部高分辨率CT示支气管扩张"", 0.9],
[""支气管扩张"", ""影像检查"", ""胸部CT示支气管壁增厚或轨道征"", 0.75],
[""支气管扩张"", ""功能检查"", ""肺功能示阻塞性通气功能障碍"", 0.45],
[""肥胖症"", ""体征"", ""体重指数BMI≥28kg/m²"", 0.95],
[""肥胖症"", ""体征"", ""腰围增大"", 0.85],
[""肥胖症"", ""实验室检查"", ""甘油三酯升高"", 0.45],
[""肥胖症"", ""实验室检查"", ""谷丙转氨酶轻度升高"", 0.25],
[""肥胖症"", ""影像检查"", ""腹部超声示脂肪肝"", 0.45],
[""肥胖症"", ""功能检查"", ""睡眠监测示阻塞性睡眠呼吸暂停"", 0.25],
[""恶性肿瘤病史"", ""体征"", ""体重指数下降或消瘦体征"", 0.25],
[""恶性肿瘤病史"", ""实验室检查"", ""血红蛋白降低"", 0.3],
[""恶性肿瘤病史"", ""实验室检查"", ""白蛋白降低"", 0.25],
[""恶性肿瘤病史"", ""实验室检查"", ""相关肿瘤标志物升高"", 0.25],
[""恶性肿瘤病史"", ""影像检查"", ""影像学示术后或放疗后改变"", 0.35],
[""恶性肿瘤病史"", ""影像检查"", ""影像学示可疑复发或转移灶"", 0.15],
[""慢性肝病"", ""体征"", ""肝掌或蜘蛛痣"", 0.3],
[""慢性肝病"", ""体征"", ""脾大"", 0.25],
[""慢性肝病"", ""实验室检查"", ""谷丙转氨酶或谷草转氨酶升高"", 0.55],
[""慢性肝病"", ""实验室检查"", ""白蛋白降低"", 0.35],
[""慢性肝病"", ""实验室检查"", ""血小板减少"", 0.3],
[""慢性肝病"", ""影像检查"", ""腹部超声示肝硬化形态或肝实质回声增粗"", 0.45],
[""心房颤动"", ""体征"", ""脉搏绝对不齐"", 0.85],
[""心房颤动"", ""功能检查"", ""心电图示P波消失及RR间期绝对不齐"", 0.95],
[""心房颤动"", ""功能检查"", ""动态心电图记录到房颤发作"", 0.8],
[""心房颤动"", ""影像检查"", ""超声心动图示左心房增大"", 0.45],
[""心房颤动"", ""实验室检查"", ""D-二聚体轻度升高"", 0.15],
[""痴呆"", ""体征"", ""简易精神状态检查配合度下降或定向力体征异常"", 0.55],
[""痴呆"", ""功能检查"", ""MMSE评分降低"", 0.85],
[""痴呆"", ""功能检查"", ""MoCA评分降低"", 0.8],
[""痴呆"", ""影像检查"", ""头颅CT或MRI示脑萎缩"", 0.65],
[""痴呆"", ""影像检查"", ""头颅MRI示海马萎缩"", 0.35],
[""痴呆"", ""功能检查"", ""日常生活能力量表评分异常"", 0.55],
[""胃食管反流病"", ""体征"", ""牙釉质酸蚀改变"", 0.18],
[""胃食管反流病"", ""影像检查"", ""上消化道造影示胃食管反流"", 0.35],
[""胃食管反流病"", ""功能检查"", ""24小时食管pH监测酸暴露时间延长"", 0.7],
[""胃食管反流病"", ""功能检查"", ""食管阻抗-pH监测反流事件增多"", 0.65],
[""胃食管反流病"", ""功能检查"", ""胃镜示反流性食管炎"", 0.45],
[""陈旧性肺结核"", ""体征"", ""胸廓局部塌陷或呼吸运动减弱"", 0.2],
[""陈旧性肺结核"", ""实验室检查"", ""结核感染T细胞斑点试验阳性"", 0.45],
[""陈旧性肺结核"", ""影像检查"", ""胸部CT示肺尖纤维条索影"", 0.75],
[""陈旧性肺结核"", ""影像检查"", ""胸部CT示钙化灶"", 0.65],
[""陈旧性肺结核"", ""影像检查"", ""胸部CT示胸膜增厚或粘连"", 0.35],
[""陈旧性肺结核"", ""功能检查"", ""肺功能示限制性或混合性通气功能障碍"", 0.25],
[""类风湿关节炎"", ""体征"", ""掌指关节或近端指间关节肿胀"", 0.6],
[""类风湿关节炎"", ""体征"", ""手指尺偏或关节畸形"", 0.35],
[""类风湿关节炎"", ""实验室检查"", ""类风湿因子阳性"", 0.7],
[""类风湿关节炎"", ""实验室检查"", ""抗环瓜氨酸肽抗体阳性"", 0.65],
[""类风湿关节炎"", ""实验室检查"", ""红细胞沉降率或C反应蛋白升高"", 0.55],
[""类风湿关节炎"", ""影像检查"", ""手部X线示关节间隙狭窄或骨侵蚀"", 0.45]
]",,,,,,,,,,,,,
